"tag","cluster"
ajax,ajax
apache,ajax
c#,c#
c++-cli,c#
cookie,ajax
curl,ajax
delphi,delphi
django,python
excel,c#
git,git
laravel,laravel
pascal,pascal
python,python
qt,qt
sql-server,sql-server
sqlite,sqlite
uwp,c#
visual-c++,visual-c++
visual-studio,visual-studio
vkontakte-api,vkontakte-api
windows,windows
wordpress,wordpress
xaml,c#
xml,xml
delphi-7,delphi
visual-studio-2015,visual-studio
python-2.x,python
python-3.x,python
windows-7,windows
android-fragment,android
android-sdk,android
asp.net,.net
c++11,c++
c++builder,c++
canvas,android
debian,c
gcc,c++
get,css
google,android
google-maps-api,android
gulp,css
ide,c++
intellij-idea,android
ip,c
java-ee,java
javafx,java
jdbc,java
jsoup,java
maven,java
opencart,mysql
opengl,c++
perl,mysql
phpstorm,php
qt5,c++
retrofit,android
servlet,java
spring-mvc,java
tomcat,java
woocommerce,php
entity-framework,.net
linq,.net
unity3d,unity3d
wcf,.net
.net,.net
android,android
android-layout,android
android-studio,android
angularjs,javascript
asp.net-mvc,asp.net
bootstrap,css
c,c
c++,c++
css,css
css3,css
eclipse,java
firefox,html
github,git
google-chrome,html
gradle,java
html,html
html5,html
internet-explorer,html
ios,ios
iphone,ios
java,java
javascript,javascript
joomla,php
jquery,javascript
jquery-ui,javascript
jsp,java
linux,linux
mongodb,mongodb
mysql,mysql
mysqli,mysql
objective-c,ios
oracle,oracle
osx,osx
php,php
phpmyadmin,php
postgresql,postgresql
reactjs,javascript
ruby,ruby-on-rails
ruby-on-rails,ruby-on-rails
spring,java
swift,swift
swing,java
typescript,javascript
ubuntu,linux
unix,linux
winapi,windows
winforms,.net
wpf,.net
xcode,xcode
yii,php
yii2,php
nodejs,nodejs
